Conteo,Distancia (mm),Distancia (cm),Timestamp (s),Fecha y Hora
1,63,6.3,1748137351.898019,2025-05-24 20:42:31
2,54,5.4,1748137351.959142,2025-05-24 20:42:31
3,60,6.0,1748137352.026012,2025-05-24 20:42:32
4,56,5.6,1748137352.087536,2025-05-24 20:42:32
5,62,6.2,1748137352.153994,2025-05-24 20:42:32
6,58,5.8,1748137352.215172,2025-05-24 20:42:32
7,59,5.9,1748137352.276892,2025-05-24 20:42:32
8,62,6.2,1748137352.34332,2025-05-24 20:42:32
9,61,6.1,1748137352.405031,2025-05-24 20:42:32
10,61,6.1,1748137352.471256,2025-05-24 20:42:32
11,56,5.6,1748137352.533027,2025-05-24 20:42:32
12,64,6.4,1748137352.599654,2025-05-24 20:42:32
13,60,6.0,1748137352.661923,2025-05-24 20:42:32
14,57,5.7,1748137352.728173,2025-05-24 20:42:32
15,56,5.6,1748137352.788945,2025-05-24 20:42:32
16,60,6.0,1748137352.856026,2025-05-24 20:42:32
17,60,6.0,1748137352.917235,2025-05-24 20:42:32
18,68,6.8,1748137352.978096,2025-05-24 20:42:32
19,63,6.3,1748137353.044946,2025-05-24 20:42:33
20,61,6.1,1748137353.111603,2025-05-24 20:42:33
21,67,6.7,1748137353.17896,2025-05-24 20:42:33
22,62,6.2,1748137353.245695,2025-05-24 20:42:33
23,66,6.6,1748137353.312321,2025-05-24 20:42:33
24,67,6.7,1748137353.379201,2025-05-24 20:42:33
25,61,6.1,1748137353.445862,2025-05-24 20:42:33
26,65,6.5,1748137353.513342,2025-05-24 20:42:33
27,64,6.4,1748137353.58003,2025-05-24 20:42:33
28,64,6.4,1748137353.646809,2025-05-24 20:42:33
29,60,6.0,1748137353.713457,2025-05-24 20:42:33
30,65,6.5,1748137353.780105,2025-05-24 20:42:33
31,60,6.0,1748137353.84825,2025-05-24 20:42:33
32,58,5.8,1748137353.91433,2025-05-24 20:42:33
33,60,6.0,1748137353.980909,2025-05-24 20:42:33
34,68,6.8,1748137354.048313,2025-05-24 20:42:34
35,58,5.8,1748137354.114475,2025-05-24 20:42:34
36,55,5.5,1748137354.181717,2025-05-24 20:42:34
37,61,6.1,1748137354.248416,2025-05-24 20:42:34
38,60,6.0,1748137354.315379,2025-05-24 20:42:34
39,61,6.1,1748137354.382,2025-05-24 20:42:34
40,53,5.3,1748137354.448721,2025-05-24 20:42:34
41,61,6.1,1748137354.51588,2025-05-24 20:42:34
42,64,6.4,1748137354.58272,2025-05-24 20:42:34
43,59,5.9,1748137354.649703,2025-05-24 20:42:34
44,61,6.1,1748137354.716478,2025-05-24 20:42:34
45,58,5.8,1748137354.783161,2025-05-24 20:42:34
46,64,6.4,1748137354.850102,2025-05-24 20:42:34
47,61,6.1,1748137354.917316,2025-05-24 20:42:34
48,63,6.3,1748137354.983763,2025-05-24 20:42:34
49,59,5.9,1748137355.0507,2025-05-24 20:42:35
50,67,6.7,1748137355.117453,2025-05-24 20:42:35
51,59,5.9,1748137355.184503,2025-05-24 20:42:35
52,59,5.9,1748137355.251224,2025-05-24 20:42:35
53,63,6.3,1748137355.31837,2025-05-24 20:42:35
54,60,6.0,1748137355.384951,2025-05-24 20:42:35
55,61,6.1,1748137355.451707,2025-05-24 20:42:35
56,59,5.9,1748137355.518383,2025-05-24 20:42:35
57,69,6.9,1748137355.585106,2025-05-24 20:42:35
58,67,6.7,1748137355.652839,2025-05-24 20:42:35
59,162,16.2,1748137355.719195,2025-05-24 20:42:35
60,147,14.7,1748137355.785881,2025-05-24 20:42:35
61,123,12.3,1748137355.852902,2025-05-24 20:42:35
62,104,10.4,1748137355.919522,2025-05-24 20:42:35
63,90,9.0,1748137355.986636,2025-05-24 20:42:35
64,81,8.1,1748137356.053537,2025-05-24 20:42:36
65,76,7.6,1748137356.120364,2025-05-24 20:42:36
66,70,7.0,1748137356.187164,2025-05-24 20:42:36
67,64,6.4,1748137356.253843,2025-05-24 20:42:36
68,59,5.9,1748137356.320736,2025-05-24 20:42:36
69,52,5.2,1748137356.388149,2025-05-24 20:42:36
70,55,5.5,1748137356.454819,2025-05-24 20:42:36
71,53,5.3,1748137356.521313,2025-05-24 20:42:36
72,53,5.3,1748137356.588012,2025-05-24 20:42:36
73,57,5.7,1748137356.654988,2025-05-24 20:42:36
74,69,6.9,1748137356.722251,2025-05-24 20:42:36
75,104,10.4,1748137356.788944,2025-05-24 20:42:36
76,140,14.0,1748137356.856113,2025-05-24 20:42:36
77,176,17.6,1748137356.922393,2025-05-24 20:42:36
78,178,17.8,1748137356.9895,2025-05-24 20:42:36
79,132,13.2,1748137357.056315,2025-05-24 20:42:37
80,119,11.9,1748137357.123002,2025-05-24 20:42:37
81,143,14.3,1748137357.189835,2025-05-24 20:42:37
82,164,16.4,1748137357.256549,2025-05-24 20:42:37
83,161,16.1,1748137357.323703,2025-05-24 20:42:37
84,115,11.5,1748137357.390773,2025-05-24 20:42:37
85,86,8.6,1748137357.457807,2025-05-24 20:42:37
86,86,8.6,1748137357.523827,2025-05-24 20:42:37
87,107,10.7,1748137357.591113,2025-05-24 20:42:37
88,160,16.0,1748137357.658217,2025-05-24 20:42:37
89,179,17.9,1748137357.724832,2025-05-24 20:42:37
90,137,13.7,1748137357.791652,2025-05-24 20:42:37
91,89,8.9,1748137357.858433,2025-05-24 20:42:37
92,64,6.4,1748137357.925354,2025-05-24 20:42:37
93,52,5.2,1748137357.99245,2025-05-24 20:42:37
94,34,3.4,1748137358.059298,2025-05-24 20:42:38
95,52,5.2,1748137358.125679,2025-05-24 20:42:38
96,47,4.7,1748137358.192417,2025-05-24 20:42:38
97,74,7.4,1748137358.260103,2025-05-24 20:42:38
98,153,15.3,1748137358.326648,2025-05-24 20:42:38
99,159,15.9,1748137358.393372,2025-05-24 20:42:38
100,111,11.1,1748137358.45999,2025-05-24 20:42:38
101,87,8.7,1748137358.527444,2025-05-24 20:42:38
102,101,10.1,1748137358.594296,2025-05-24 20:42:38
103,153,15.3,1748137358.660924,2025-05-24 20:42:38
104,203,20.3,1748137358.727453,2025-05-24 20:42:38
105,149,14.9,1748137358.79413,2025-05-24 20:42:38
106,64,6.4,1748137358.861569,2025-05-24 20:42:38
107,44,4.4,1748137358.928266,2025-05-24 20:42:38
108,64,6.4,1748137358.995024,2025-05-24 20:42:38
109,46,4.6,1748137359.061694,2025-05-24 20:42:39
110,53,5.3,1748137359.128356,2025-05-24 20:42:39
111,46,4.6,1748137359.195793,2025-05-24 20:42:39
112,41,4.1,1748137359.262522,2025-05-24 20:42:39
113,54,5.4,1748137359.329195,2025-05-24 20:42:39
114,86,8.6,1748137359.395753,2025-05-24 20:42:39
115,134,13.4,1748137359.463284,2025-05-24 20:42:39
116,148,14.8,1748137359.529773,2025-05-24 20:42:39
117,140,14.0,1748137359.596504,2025-05-24 20:42:39
118,140,14.0,1748137359.663427,2025-05-24 20:42:39
119,167,16.7,1748137359.729987,2025-05-24 20:42:39
120,83,8.3,1748137359.797422,2025-05-24 20:42:39
121,53,5.3,1748137359.864334,2025-05-24 20:42:39
122,51,5.1,1748137359.930792,2025-05-24 20:42:39
123,52,5.2,1748137359.997579,2025-05-24 20:42:39
124,50,5.0,1748137360.064254,2025-05-24 20:42:40
125,46,4.6,1748137360.131643,2025-05-24 20:42:40
126,43,4.3,1748137360.198423,2025-05-24 20:42:40
127,51,5.1,1748137360.265201,2025-05-24 20:42:40
128,49,4.9,1748137360.33194,2025-05-24 20:42:40
129,112,11.2,1748137360.39868,2025-05-24 20:42:40
130,166,16.6,1748137360.465425,2025-05-24 20:42:40
131,148,14.8,1748137360.532839,2025-05-24 20:42:40
132,119,11.9,1748137360.599537,2025-05-24 20:42:40
133,141,14.1,1748137360.666058,2025-05-24 20:42:40
134,193,19.3,1748137360.733028,2025-05-24 20:42:40
135,146,14.6,1748137360.799899,2025-05-24 20:42:40
136,68,6.8,1748137360.866813,2025-05-24 20:42:40
137,46,4.6,1748137360.933842,2025-05-24 20:42:40
138,57,5.7,1748137361.000494,2025-05-24 20:42:41
139,47,4.7,1748137361.067069,2025-05-24 20:42:41
140,52,5.2,1748137361.134602,2025-05-24 20:42:41
141,60,6.0,1748137361.201806,2025-05-24 20:42:41
142,49,4.9,1748137361.267905,2025-05-24 20:42:41
143,95,9.5,1748137361.334673,2025-05-24 20:42:41
144,174,17.4,1748137361.401458,2025-05-24 20:42:41
145,153,15.3,1748137361.46856,2025-05-24 20:42:41
146,130,13.0,1748137361.535501,2025-05-24 20:42:41
147,100,10.0,1748137361.602104,2025-05-24 20:42:41
148,71,7.1,1748137361.668794,2025-05-24 20:42:41
149,38,3.8,1748137361.735998,2025-05-24 20:42:41
150,29,2.9,1748137361.802759,2025-05-24 20:42:41
151,32,3.2,1748137361.86999,2025-05-24 20:42:41
152,30,3.0,1748137361.936336,2025-05-24 20:42:41
153,26,2.6,1748137362.003355,2025-05-24 20:42:42
154,31,3.1,1748137362.070005,2025-05-24 20:42:42
155,34,3.4,1748137362.137182,2025-05-24 20:42:42
156,31,3.1,1748137362.203977,2025-05-24 20:42:42
157,94,9.4,1748137362.270884,2025-05-24 20:42:42
158,149,14.9,1748137362.337444,2025-05-24 20:42:42
159,133,13.3,1748137362.404221,2025-05-24 20:42:42
160,42,4.2,1748137362.471533,2025-05-24 20:42:42
161,27,2.7,1748137362.537873,2025-05-24 20:42:42
162,38,3.8,1748137362.604646,2025-05-24 20:42:42
163,30,3.0,1748137362.671485,2025-05-24 20:42:42
164,31,3.1,1748137362.738612,2025-05-24 20:42:42
165,40,4.0,1748137362.805392,2025-05-24 20:42:42
166,47,4.7,1748137362.872062,2025-05-24 20:42:42
167,40,4.0,1748137362.939358,2025-05-24 20:42:42
168,46,4.6,1748137363.005769,2025-05-24 20:42:43
169,46,4.6,1748137363.072754,2025-05-24 20:42:43
170,47,4.7,1748137363.139597,2025-05-24 20:42:43
171,51,5.1,1748137363.20655,2025-05-24 20:42:43
172,48,4.8,1748137363.273166,2025-05-24 20:42:43
173,59,5.9,1748137363.340326,2025-05-24 20:42:43
174,50,5.0,1748137363.406926,2025-05-24 20:42:43
175,40,4.0,1748137363.473919,2025-05-24 20:42:43
176,75,7.5,1748137363.540614,2025-05-24 20:42:43
177,141,14.1,1748137363.607437,2025-05-24 20:42:43
178,157,15.7,1748137363.674327,2025-05-24 20:42:43
179,131,13.1,1748137363.741226,2025-05-24 20:42:43
180,108,10.8,1748137363.808012,2025-05-24 20:42:43
181,112,11.2,1748137363.875499,2025-05-24 20:42:43
182,151,15.1,1748137363.941813,2025-05-24 20:42:43
183,192,19.2,1748137364.008549,2025-05-24 20:42:44
184,150,15.0,1748137364.075417,2025-05-24 20:42:44
185,71,7.1,1748137364.14226,2025-05-24 20:42:44
186,54,5.4,1748137364.209266,2025-05-24 20:42:44
187,48,4.8,1748137364.276063,2025-05-24 20:42:44
188,55,5.5,1748137364.342945,2025-05-24 20:42:44
189,53,5.3,1748137364.409713,2025-05-24 20:42:44
190,50,5.0,1748137364.47658,2025-05-24 20:42:44
191,51,5.1,1748137364.543365,2025-05-24 20:42:44
192,56,5.6,1748137364.610211,2025-05-24 20:42:44
193,42,4.2,1748137364.677195,2025-05-24 20:42:44
194,55,5.5,1748137364.743926,2025-05-24 20:42:44
195,58,5.8,1748137364.810806,2025-05-24 20:42:44
196,59,5.9,1748137364.877763,2025-05-24 20:42:44
197,58,5.8,1748137364.944569,2025-05-24 20:42:44
198,53,5.3,1748137365.01135,2025-05-24 20:42:45
199,51,5.1,1748137365.078211,2025-05-24 20:42:45
200,50,5.0,1748137365.145075,2025-05-24 20:42:45
201,50,5.0,1748137365.21192,2025-05-24 20:42:45
202,52,5.2,1748137365.27916,2025-05-24 20:42:45
203,54,5.4,1748137365.34574,2025-05-24 20:42:45
204,48,4.8,1748137365.412516,2025-05-24 20:42:45
205,51,5.1,1748137365.479355,2025-05-24 20:42:45
206,49,4.9,1748137365.546166,2025-05-24 20:42:45
207,49,4.9,1748137365.613032,2025-05-24 20:42:45
208,48,4.8,1748137365.679842,2025-05-24 20:42:45
209,61,6.1,1748137365.746721,2025-05-24 20:42:45
210,59,5.9,1748137365.813599,2025-05-24 20:42:45
211,39,3.9,1748137365.88051,2025-05-24 20:42:45
212,51,5.1,1748137365.947307,2025-05-24 20:42:45
213,48,4.8,1748137366.014276,2025-05-24 20:42:46
214,53,5.3,1748137366.081018,2025-05-24 20:42:46
215,50,5.0,1748137366.14783,2025-05-24 20:42:46
216,51,5.1,1748137366.215118,2025-05-24 20:42:46
217,52,5.2,1748137366.281776,2025-05-24 20:42:46
218,59,5.9,1748137366.348466,2025-05-24 20:42:46
219,49,4.9,1748137366.415942,2025-05-24 20:42:46
220,53,5.3,1748137366.482749,2025-05-24 20:42:46
221,39,3.9,1748137366.549312,2025-05-24 20:42:46
222,59,5.9,1748137366.616117,2025-05-24 20:42:46
223,56,5.6,1748137366.682916,2025-05-24 20:42:46
224,46,4.6,1748137366.749707,2025-05-24 20:42:46
225,46,4.6,1748137366.816727,2025-05-24 20:42:46
226,48,4.8,1748137366.883718,2025-05-24 20:42:46
227,55,5.5,1748137366.950275,2025-05-24 20:42:46
228,54,5.4,1748137367.017108,2025-05-24 20:42:47
229,52,5.2,1748137367.084552,2025-05-24 20:42:47
230,44,4.4,1748137367.151112,2025-05-24 20:42:47
231,46,4.6,1748137367.217844,2025-05-24 20:42:47
232,55,5.5,1748137367.284633,2025-05-24 20:42:47
233,43,4.3,1748137367.351311,2025-05-24 20:42:47
234,54,5.4,1748137367.41859,2025-05-24 20:42:47
235,47,4.7,1748137367.485312,2025-05-24 20:42:47
236,49,4.9,1748137367.551804,2025-05-24 20:42:47
237,51,5.1,1748137367.619216,2025-05-24 20:42:47
238,39,3.9,1748137367.685928,2025-05-24 20:42:47
239,51,5.1,1748137367.795376,2025-05-24 20:42:47
240,46,4.6,1748137367.927891,2025-05-24 20:42:47
241,52,5.2,1748137368.048711,2025-05-24 20:42:48
242,52,5.2,1748137368.142142,2025-05-24 20:42:48
243,50,5.0,1748137368.178412,2025-05-24 20:42:48
244,48,4.8,1748137368.234784,2025-05-24 20:42:48
245,54,5.4,1748137368.301499,2025-05-24 20:42:48
246,54,5.4,1748137368.368512,2025-05-24 20:42:48
247,57,5.7,1748137368.435167,2025-05-24 20:42:48
248,49,4.9,1748137368.502555,2025-05-24 20:42:48
249,46,4.6,1748137368.569332,2025-05-24 20:42:48
250,53,5.3,1748137368.636114,2025-05-24 20:42:48
251,56,5.6,1748137368.70273,2025-05-24 20:42:48
252,56,5.6,1748137368.769461,2025-05-24 20:42:48
253,57,5.7,1748137368.836735,2025-05-24 20:42:48
254,46,4.6,1748137368.90358,2025-05-24 20:42:48
255,51,5.1,1748137368.970206,2025-05-24 20:42:48
256,49,4.9,1748137369.036883,2025-05-24 20:42:49
257,54,5.4,1748137369.104143,2025-05-24 20:42:49
258,53,5.3,1748137369.170849,2025-05-24 20:42:49
259,53,5.3,1748137369.237579,2025-05-24 20:42:49
260,51,5.1,1748137369.304456,2025-05-24 20:42:49
261,49,4.9,1748137369.371307,2025-05-24 20:42:49
262,58,5.8,1748137369.438012,2025-05-24 20:42:49
263,50,5.0,1748137369.505362,2025-05-24 20:42:49
264,48,4.8,1748137369.571942,2025-05-24 20:42:49
265,44,4.4,1748137369.638939,2025-05-24 20:42:49
266,44,4.4,1748137369.70556,2025-05-24 20:42:49
267,51,5.1,1748137369.772206,2025-05-24 20:42:49
268,56,5.6,1748137369.839788,2025-05-24 20:42:49
269,54,5.4,1748137369.906129,2025-05-24 20:42:49
270,61,6.1,1748137369.973195,2025-05-24 20:42:49
271,50,5.0,1748137370.03984,2025-05-24 20:42:50
272,53,5.3,1748137370.106503,2025-05-24 20:42:50
273,48,4.8,1748137370.17393,2025-05-24 20:42:50
274,46,4.6,1748137370.240564,2025-05-24 20:42:50
275,41,4.1,1748137370.308008,2025-05-24 20:42:50
