Timestamp,Value_mm,Value_cm
2025-05-28 16:32:02,617.0,61.7
2025-05-28 16:32:02,630.0,63.0
2025-05-28 16:32:02,631.0,63.1
2025-05-28 16:32:02,656.0,65.6
2025-05-28 16:32:02,651.0,65.1
2025-05-28 16:32:02,664.0,66.4
2025-05-28 16:32:02,639.0,63.9
2025-05-28 16:32:02,648.0,64.8
2025-05-28 16:32:02,622.0,62.2
2025-05-28 16:32:02,630.0,63.0
2025-05-28 16:32:02,606.0,60.6
2025-05-28 16:32:02,613.0,61.3
2025-05-28 16:32:02,593.0,59.3
2025-05-28 16:32:02,589.0,58.9
2025-05-28 16:32:02,586.0,58.6
2025-05-28 16:32:02,560.0,56.0
2025-05-28 16:32:02,578.0,57.8
2025-05-28 16:32:02,548.0,54.8
2025-05-28 16:32:02,565.0,56.5
2025-05-28 16:32:02,558.0,55.8
2025-05-28 16:32:02,574.0,57.4
2025-05-28 16:32:02,562.0,56.2
2025-05-28 16:32:02,585.0,58.5
2025-05-28 16:32:02,560.0,56.0
2025-05-28 16:32:02,590.0,59.0
2025-05-28 16:32:02,563.0,56.3
2025-05-28 16:32:02,585.0,58.5
2025-05-28 16:32:03,542.0,54.2
2025-05-28 16:32:03,523.0,52.3
2025-05-28 16:32:03,498.0,49.8
2025-05-28 16:32:03,508.0,50.8
2025-05-28 16:32:03,479.0,47.9
2025-05-28 16:32:03,519.0,51.9
2025-05-28 16:32:03,515.0,51.5
2025-05-28 16:32:03,516.0,51.6
2025-05-28 16:32:03,542.0,54.2
2025-05-28 16:32:03,524.0,52.4
2025-05-28 16:32:03,550.0,55.0
2025-05-28 16:32:03,532.0,53.2
2025-05-28 16:32:03,549.0,54.9
2025-05-28 16:32:03,537.0,53.7
2025-05-28 16:32:03,545.0,54.5
2025-05-28 16:32:03,535.0,53.5
2025-05-28 16:32:03,545.0,54.5
2025-05-28 16:32:03,539.0,53.9
2025-05-28 16:32:03,544.0,54.4
2025-05-28 16:32:03,540.0,54.0
2025-05-28 16:32:03,553.0,55.3
2025-05-28 16:32:03,553.0,55.3
2025-05-28 16:32:03,554.0,55.4
2025-05-28 16:32:03,559.0,55.9
2025-05-28 16:32:03,551.0,55.1
2025-05-28 16:32:03,552.0,55.2
2025-05-28 16:32:03,565.0,56.5
2025-05-28 16:32:03,564.0,56.4
2025-05-28 16:32:03,621.0,62.1
2025-05-28 16:32:04,2405.0,240.5
2025-05-28 16:32:04,1644.0,164.4
2025-05-28 16:32:04,2458.0,245.8
2025-05-28 16:32:04,2338.0,233.8
2025-05-28 16:32:04,47.0,4.7
2025-05-28 16:32:04,2406.0,240.6
2025-05-28 16:32:04,45.0,4.5
2025-05-28 16:32:04,2309.0,230.9
2025-05-28 16:32:04,7.0,0.7
2025-05-28 16:32:04,2428.0,242.8
2025-05-28 16:32:04,57.0,5.7
2025-05-28 16:32:04,87.0,8.7
2025-05-28 16:32:04,84.0,8.4
2025-05-28 16:32:04,78.0,7.8
2025-05-28 16:32:04,78.0,7.8
2025-05-28 16:32:04,77.0,7.7
2025-05-28 16:32:04,78.0,7.8
2025-05-28 16:32:04,81.0,8.1
2025-05-28 16:32:04,79.0,7.9
2025-05-28 16:32:04,77.0,7.7
2025-05-28 16:32:04,66.0,6.6
2025-05-28 16:32:04,55.0,5.5
2025-05-28 16:32:04,49.0,4.9
2025-05-28 16:32:04,53.0,5.3
2025-05-28 16:32:04,53.0,5.3
2025-05-28 16:32:04,3207.0,320.7
2025-05-28 16:32:04,56.0,5.6
2025-05-28 16:32:04,62.0,6.2
2025-05-28 16:32:04,54.0,5.4
2025-05-28 16:32:05,42.0,4.2
2025-05-28 16:32:05,18.0,1.8
2025-05-28 16:32:05,25.0,2.5
2025-05-28 16:32:05,10.0,1.0
2025-05-28 16:32:05,12.0,1.2
2025-05-28 16:32:05,8.0,0.8
2025-05-28 16:32:05,10.0,1.0
2025-05-28 16:32:05,8.0,0.8
2025-05-28 16:32:05,13.0,1.3
2025-05-28 16:32:05,11.0,1.1
2025-05-28 16:32:05,16.0,1.6
2025-05-28 16:32:05,14.0,1.4
2025-05-28 16:32:05,24.0,2.4
2025-05-28 16:32:05,18.0,1.8
2025-05-28 16:32:05,594.0,59.4
2025-05-28 16:32:05,591.0,59.1
2025-05-28 16:32:05,116.0,11.6
2025-05-28 16:32:05,168.0,16.8
2025-05-28 16:32:05,191.0,19.1
2025-05-28 16:32:05,175.0,17.5
2025-05-28 16:32:05,184.0,18.4
2025-05-28 16:32:05,172.0,17.2
2025-05-28 16:32:05,176.0,17.6
2025-05-28 16:32:05,172.0,17.2
2025-05-28 16:32:05,174.0,17.4
2025-05-28 16:32:05,172.0,17.2
2025-05-28 16:32:06,173.0,17.3
2025-05-28 16:32:06,171.0,17.1
2025-05-28 16:32:06,167.0,16.7
2025-05-28 16:32:06,118.0,11.8
2025-05-28 16:32:06,103.0,10.3
2025-05-28 16:32:06,116.0,11.6
2025-05-28 16:32:06,115.0,11.5
2025-05-28 16:32:06,98.0,9.8
2025-05-28 16:32:06,86.0,8.6
2025-05-28 16:32:06,71.0,7.1
2025-05-28 16:32:06,79.0,7.9
2025-05-28 16:32:06,87.0,8.7
2025-05-28 16:32:06,89.0,8.9
2025-05-28 16:32:06,87.0,8.7
2025-05-28 16:32:06,90.0,9.0
2025-05-28 16:32:06,87.0,8.7
2025-05-28 16:32:06,88.0,8.8
2025-05-28 16:32:06,88.0,8.8
2025-05-28 16:32:06,90.0,9.0
2025-05-28 16:32:06,89.0,8.9
2025-05-28 16:32:06,91.0,9.1
2025-05-28 16:32:06,90.0,9.0
2025-05-28 16:32:06,91.0,9.1
2025-05-28 16:32:06,91.0,9.1
2025-05-28 16:32:06,91.0,9.1
2025-05-28 16:32:06,92.0,9.2
2025-05-28 16:32:06,91.0,9.1
2025-05-28 16:32:06,93.0,9.3
2025-05-28 16:32:06,92.0,9.2
2025-05-28 16:32:06,92.0,9.2
2025-05-28 16:32:07,93.0,9.3
2025-05-28 16:32:07,1244.0,124.4
2025-05-28 16:32:07,2413.0,241.3
2025-05-28 16:32:07,92.0,9.2
2025-05-28 16:32:07,92.0,9.2
2025-05-28 16:32:07,92.0,9.2
2025-05-28 16:32:07,92.0,9.2
2025-05-28 16:32:07,90.0,9.0
2025-05-28 16:32:07,90.0,9.0
2025-05-28 16:32:07,92.0,9.2
2025-05-28 16:32:07,90.0,9.0
2025-05-28 16:32:07,92.0,9.2
2025-05-28 16:32:07,90.0,9.0
2025-05-28 16:32:07,91.0,9.1
2025-05-28 16:32:07,90.0,9.0
2025-05-28 16:32:07,91.0,9.1
2025-05-28 16:32:07,89.0,8.9
2025-05-28 16:32:07,91.0,9.1
2025-05-28 16:32:07,90.0,9.0
2025-05-28 16:32:07,91.0,9.1
2025-05-28 16:32:07,90.0,9.0
2025-05-28 16:32:07,91.0,9.1
2025-05-28 16:32:07,1059.0,105.9
2025-05-28 16:32:07,2000.0,200.0
2025-05-28 16:32:07,3588.0,358.8
2025-05-28 16:32:07,91.0,9.1
2025-05-28 16:32:07,91.0,9.1
2025-05-28 16:32:07,90.0,9.0
2025-05-28 16:32:07,91.0,9.1
2025-05-28 16:32:07,91.0,9.1
2025-05-28 16:32:07,91.0,9.1
2025-05-28 16:32:07,90.0,9.0
2025-05-28 16:32:07,91.0,9.1
2025-05-28 16:32:07,3167.0,316.7
2025-05-28 16:32:07,90.0,9.0
2025-05-28 16:32:08,91.0,9.1
2025-05-28 16:32:08,90.0,9.0
2025-05-28 16:32:08,91.0,9.1
2025-05-28 16:32:08,89.0,8.9
2025-05-28 16:32:08,89.0,8.9
2025-05-28 16:32:08,87.0,8.7
2025-05-28 16:32:08,88.0,8.8
2025-05-28 16:32:08,3285.0,328.5
2025-05-28 16:32:08,86.0,8.6
2025-05-28 16:32:08,86.0,8.6
2025-05-28 16:32:08,81.0,8.1
2025-05-28 16:32:08,83.0,8.3
2025-05-28 16:32:08,1239.0,123.9
2025-05-28 16:32:08,1998.0,199.8
2025-05-28 16:32:08,2649.0,264.9
2025-05-28 16:32:08,77.0,7.7
2025-05-28 16:32:08,79.0,7.9
2025-05-28 16:32:08,73.0,7.3
2025-05-28 16:32:08,72.0,7.2
2025-05-28 16:32:08,66.0,6.6
2025-05-28 16:32:08,68.0,6.8
2025-05-28 16:32:08,60.0,6.0
2025-05-28 16:32:08,61.0,6.1
2025-05-28 16:32:08,54.0,5.4
2025-05-28 16:32:08,57.0,5.7
2025-05-28 16:32:08,51.0,5.1
2025-05-28 16:32:08,56.0,5.6
2025-05-28 16:32:08,54.0,5.4
2025-05-28 16:32:08,58.0,5.8
2025-05-28 16:32:08,56.0,5.6
2025-05-28 16:32:08,64.0,6.4
2025-05-28 16:32:08,64.0,6.4
2025-05-28 16:32:08,66.0,6.6
2025-05-28 16:32:08,1062.0,106.2
2025-05-28 16:32:08,1407.0,140.7
2025-05-28 16:32:08,3361.0,336.1
2025-05-28 16:32:08,67.0,6.7
2025-05-28 16:32:09,68.0,6.8
2025-05-28 16:32:09,70.0,7.0
2025-05-28 16:32:09,65.0,6.5
2025-05-28 16:32:09,1079.0,107.9
2025-05-28 16:32:09,3419.0,341.9
2025-05-28 16:32:09,67.0,6.7
2025-05-28 16:32:09,64.0,6.4
2025-05-28 16:32:09,3375.0,337.5
2025-05-28 16:32:09,64.0,6.4
2025-05-28 16:32:09,60.0,6.0
2025-05-28 16:32:09,61.0,6.1
2025-05-28 16:32:09,56.0,5.6
2025-05-28 16:32:09,57.0,5.7
2025-05-28 16:32:09,54.0,5.4
2025-05-28 16:32:09,56.0,5.6
2025-05-28 16:32:09,53.0,5.3
2025-05-28 16:32:09,55.0,5.5
2025-05-28 16:32:10,54.0,5.4
2025-05-28 16:32:10,57.0,5.7
2025-05-28 16:32:10,58.0,5.8
2025-05-28 16:32:10,136.0,13.6
2025-05-28 16:32:10,380.0,38.0
2025-05-28 16:32:10,625.0,62.5
2025-05-28 16:32:10,493.0,49.3
2025-05-28 16:32:10,440.0,44.0
2025-05-28 16:32:10,444.0,44.4
2025-05-28 16:32:10,504.0,50.4
2025-05-28 16:32:10,507.0,50.7
2025-05-28 16:32:10,0.0,0.0
2025-05-28 16:32:10,0.0,0.0
2025-05-28 16:32:11,10.0,1.0
2025-05-28 16:32:11,10.0,1.0
2025-05-28 16:32:11,10.0,1.0
2025-05-28 16:32:11,9.0,0.9
2025-05-28 16:32:11,9.0,0.9
2025-05-28 16:32:11,12.0,1.2
2025-05-28 16:32:11,24.0,2.4
2025-05-28 16:32:11,18.0,1.8
2025-05-28 16:32:11,31.0,3.1
2025-05-28 16:32:11,26.0,2.6
2025-05-28 16:32:11,39.0,3.9
2025-05-28 16:32:11,36.0,3.6
2025-05-28 16:32:11,38.0,3.8
2025-05-28 16:32:12,9.0,0.9
2025-05-28 16:32:12,21.0,2.1
2025-05-28 16:32:12,11.0,1.1
2025-05-28 16:32:12,9.0,0.9
2025-05-28 16:32:12,4.0,0.4
2025-05-28 16:32:12,13.0,1.3
2025-05-28 16:32:12,31.0,3.1
2025-05-28 16:32:12,49.0,4.9
2025-05-28 16:32:12,468.0,46.8
2025-05-28 16:32:12,461.0,46.1
2025-05-28 16:32:12,621.0,62.1
2025-05-28 16:32:12,455.0,45.5
2025-05-28 16:32:12,261.0,26.1
2025-05-28 16:32:12,99.0,9.9
2025-05-28 16:32:12,78.0,7.8
2025-05-28 16:32:13,75.0,7.5
2025-05-28 16:32:13,89.0,8.9
2025-05-28 16:32:13,343.0,34.3
2025-05-28 16:32:13,600.0,60.0
2025-05-28 16:32:13,523.0,52.3
2025-05-28 16:32:13,450.0,45.0
2025-05-28 16:32:13,481.0,48.1
2025-05-28 16:32:13,514.0,51.4
2025-05-28 16:32:13,39.0,3.9
2025-05-28 16:32:13,41.0,4.1
2025-05-28 16:32:13,32.0,3.2
2025-05-28 16:32:13,34.0,3.4
2025-05-28 16:32:13,10.0,1.0
2025-05-28 16:32:13,17.0,1.7
2025-05-28 16:32:13,10.0,1.0
2025-05-28 16:32:13,12.0,1.2
2025-05-28 16:32:13,10.0,1.0
2025-05-28 16:32:13,13.0,1.3
2025-05-28 16:32:13,11.0,1.1
2025-05-28 16:32:13,15.0,1.5
2025-05-28 16:32:13,52.0,5.2
2025-05-28 16:32:13,539.0,53.9
2025-05-28 16:32:13,77.0,7.7
2025-05-28 16:32:13,78.0,7.8
2025-05-28 16:32:14,77.0,7.7
2025-05-28 16:32:14,78.0,7.8
2025-05-28 16:32:14,79.0,7.9
2025-05-28 16:32:14,625.0,62.5
2025-05-28 16:32:14,79.0,7.9
2025-05-28 16:32:14,81.0,8.1
2025-05-28 16:32:14,80.0,8.0
2025-05-28 16:32:14,83.0,8.3
2025-05-28 16:32:14,80.0,8.0
2025-05-28 16:32:14,84.0,8.4
2025-05-28 16:32:14,632.0,63.2
2025-05-28 16:32:14,80.0,8.0
2025-05-28 16:32:14,686.0,68.6
2025-05-28 16:32:14,83.0,8.3
2025-05-28 16:32:14,630.0,63.0
2025-05-28 16:32:14,82.0,8.2
2025-05-28 16:32:14,683.0,68.3
2025-05-28 16:32:14,85.0,8.5
2025-05-28 16:32:14,618.0,61.8
2025-05-28 16:32:14,84.0,8.4
2025-05-28 16:32:14,686.0,68.6
2025-05-28 16:32:14,86.0,8.6
2025-05-28 16:32:14,612.0,61.2
2025-05-28 16:32:14,84.0,8.4
2025-05-28 16:32:14,86.0,8.6
2025-05-28 16:32:14,637.0,63.7
2025-05-28 16:32:14,86.0,8.6
2025-05-28 16:32:14,85.0,8.5
2025-05-28 16:32:14,644.0,64.4
2025-05-28 16:32:14,86.0,8.6
2025-05-28 16:32:14,83.0,8.3
2025-05-28 16:32:14,86.0,8.6
2025-05-28 16:32:14,84.0,8.4
2025-05-28 16:32:14,88.0,8.8
2025-05-28 16:32:14,84.0,8.4
2025-05-28 16:32:14,86.0,8.6
2025-05-28 16:32:14,83.0,8.3
2025-05-28 16:32:14,86.0,8.6
2025-05-28 16:32:14,82.0,8.2
2025-05-28 16:32:14,82.0,8.2
2025-05-28 16:32:14,82.0,8.2
2025-05-28 16:32:14,83.0,8.3
